target,PAH3.3_strength,PAH3.3_strength_unc,PAH3.3_strength_16th,PAH3.3_strength_84th,PAH3.3_EW,PAH3.3_EW_unc,PAH3.3_EW_16th,PAH3.3_EW_84th,PAH6.2_strength,PAH6.2_strength_unc,PAH6.2_strength_16th,PAH6.2_strength_84th,PAH6.2_EW,PAH6.2_EW_unc,PAH6.2_EW_16th,PAH6.2_EW_84th,PAH7.7_strength,PAH7.7_strength_unc,PAH7.7_strength_16th,PAH7.7_strength_84th,PAH7.7_EW,PAH7.7_EW_unc,PAH7.7_EW_16th,PAH7.7_EW_84th,PAH8.3_strength,PAH8.3_strength_unc,PAH8.3_strength_16th,PAH8.3_strength_84th,PAH8.3_EW,PAH8.3_EW_unc,PAH8.3_EW_16th,PAH8.3_EW_84th,PAH8.6_strength,PAH8.6_strength_unc,PAH8.6_strength_16th,PAH8.6_strength_84th,PAH8.6_EW,PAH8.6_EW_unc,PAH8.6_EW_16th,PAH8.6_EW_84th,PAH11.3_strength,PAH11.3_strength_unc,PAH11.3_strength_16th,PAH11.3_strength_84th,PAH11.3_EW,PAH11.3_EW_unc,PAH11.3_EW_16th,PAH11.3_EW_84th
COSMOS_1018tot,1.4259783578831504e-18,-99.0,-99.0,-99.0,0.0,0.019346256364928354,0.0,0.0,2.5526933049009813e-18,3.6587077560495e-20,2.525771573348658e-18,2.597746437470723e-18,0.23181423342072385,0.003965999505617017,0.22921712544044495,0.2356324236907871,9.663146590971537e-18,6.654776613215854e-19,8.50609031899477e-18,1.0067234144581407e-17,0.9765340247029481,0.0938593609160348,0.8164108816990978,1.0360659054801586,1.5184785867550758e-18,1.081887318959007e-19,1.3510263084723437e-18,1.5935307836580172e-18,0.1511838159009628,0.014489741539223165,0.12915315775749958,0.16179553930775273,1.1897257835959615e-18,4.730884290460357e-20,1.139884688999699e-18,1.233624283094125e-18,0.12099177959386015,0.007163293010870911,0.11237602027340694,0.12745549868821288,2.2600711907500427e-18,1.2942689493202178e-19,2.1663403237210266e-18,2.4125943851474395e-18,0.2125034452236489,0.0179789492781816,0.20129211915559977,0.2341944595742827
COSMOS_1018A,3.0346923690766464e-19,-99.0,-99.0,-99.0,0.0,0.011609350355995198,0.0,0.0,6.998633737527684e-19,3.9291126911645886e-20,6.864172535866479e-19,7.384095188271575e-19,0.12512317470619078,0.008516565756544806,0.12235566518944586,0.13384219315141188,3.0081535425751473e-18,3.311155323887367e-19,2.8429348585313694e-18,3.3618611113551813e-18,0.6158986464955729,0.08468463449617826,0.5770996300136432,0.7130805040880892,5.702747157779229e-19,4.5951639573816316e-20,5.293567639533658e-19,6.23892552424408e-19,0.11712932923524694,0.012196437461548165,0.10641880014206556,0.1317232951996484,4.752000356707026e-19,2.0975436107706768e-20,4.518759427068276e-19,4.969747441457865e-19,0.098385584861306,0.005995034429525757,0.09201569175110308,0.10522476606666574,1.0473824161333427e-18,1.0324498812683174e-19,9.402533041931942e-19,1.1357050758503686e-18,0.18646013969507913,0.025161474096825103,0.16243921401706055,0.20978361744955606
COSMOS_1018B,2.929267645511897e-19,-99.0,-99.0,-99.0,0.0,0.046388011730322885,0.0,0.07955989311003005,4.479921773059776e-19,1.257942417259041e-20,4.372298202150542e-19,4.570268453147501e-19,0.4562341829030015,0.03485910834015221,0.43415488887945103,0.4765050854772676,1.7414161624787406e-18,1.4322765927821938e-19,1.6255106234242545e-18,1.8426745887504806e-18,2.317012887828784,0.4292443784037922,1.9952670523559806,2.624306906164215,2.9666708291693446e-19,2.441935951594119e-20,2.766857191869172e-19,3.2073814585509296e-19,0.43267084281633633,0.07657723923630222,0.37892438395817096,0.5037051998089024,2.6681857619567296e-19,1.1238199474751497e-20,2.5782065585840453e-19,2.781090667953343e-19,0.41429158133815513,0.047872380149048085,0.3778652483101376,0.461907841624383,4.072855664098807e-19,4.044418053869337e-20,3.7370699870782083e-19,4.427881535389508e-19,0.5468610282696036,0.2479568473627961,0.2841696716100336,0.7512060636849678
COSMOS_1018ISM,1.0481650614036819e-18,-99.0,-99.0,-99.0,0.0,0.027475330067478262,0.0,0.04048149589202093,1.2977689714744344e-18,2.655467432224903e-20,1.2741734302964391e-18,1.3325673953729656e-18,0.2926331255670931,0.007337467298544342,0.2863118870529246,0.3020657515359589,4.964377453580011e-18,2.695593840791529e-19,4.668191989037959e-18,5.2228921038918405e-18,1.276447795922291,0.11420288385298434,1.156165640451817,1.3845384795463842,8.996966121803994e-19,6.379085235111152e-20,8.290397211211011e-19,9.523685475206397e-19,0.2278098436721624,0.024226289895811142,0.2024493428758937,0.24988545893410466,5.94100708494671e-19,3.191563702081201e-20,5.562558485778387e-19,6.197756428501254e-19,0.1535681352029855,0.01257958450764254,0.139499018616529,0.16468938476245945,9.348058525958332e-19,1.521673727417438e-19,7.972551604106316e-19,1.1080347487153573e-18,0.23135532276925624,0.06790910478958204,0.1884222054363354,0.31711565470172276
COSMOS_996tot,1.4070630962421187e-18,-99.0,-99.0,-99.0,0.1555169336524962,0.08089745374455055,0.10462280798847567,0.20959457990686958,8.580042471800718e-18,1.963926981362666e-19,8.431637231915855e-18,8.879491889794178e-18,1.8010547872847367,0.4847897999703182,1.6374045016927508,2.765518100648957,2.4523845563767002e-17,2.200434874698841e-18,2.3685497423186275e-17,2.894047176169461e-17,4.684599016387434,2.300094266998621,4.200347701377495,9.627973066278736,2.2905621606997606e-18,2.7958617534278153e-19,2.2066158033892362e-18,2.8904984523100735e-18,0.4955627363827831,0.20882902764393294,0.4504024451538401,0.9586118461288177,5.756278018884896e-18,1.1131340805752148e-19,5.71050185701561e-18,5.989842406485241e-18,1.3983414941854315,0.28177049849679614,1.3239475601494006,2.013407446256607,5.1070179780835885e-18,1.110197999890301e-19,5.02956922804739e-18,5.245631949237652e-18,1.2912706582790168,0.16463304933609033,1.2319647095373976,1.5934128810718162
COSMOS_996A,2.46072974820544e-19,4.550490188356149e-20,1.9933199724976566e-19,2.9516257494977835e-19,0.0715311051279029,0.036401231569416735,0.05664152175239244,0.11844418174664885,2.2992943239635286e-18,3.967951957732468e-20,2.2229520231333988e-18,2.3100519706947843e-18,3.0039196635526313,0.5606054974533199,1.8364235449680584,3.1113479225391276,7.92476955208682e-18,6.461727210855347e-19,6.550491341131095e-18,7.968580690506647e-18,11.172636505617719,2.880832225525975,5.274925995975831,11.604119145612312,7.548578798572585e-19,4.939921482734024e-20,6.925809364994421e-19,7.621895792877434e-19,1.0440612250901586,0.18991106427641596,0.6907687408527806,1.07396436511057,1.5618926854281623e-18,1.3895382865496935e-20,1.549480391661399e-18,1.5666221793163923e-18,2.1637525999813407,0.24142569853915644,1.7293089277986962,2.213627585230336,1.4314185779055256e-18,2.6591242078706117e-20,1.4027444372805783e-18,1.4522589633647812e-18,1.76543230739088,0.15327981197272275,1.521603915337072,1.8317056455606546
COSMOS_996ISM,1.2152469065136765e-18,-99.0,-99.0,-99.0,0.1464008082949346,0.1433244875638885,0.10717680882703498,0.19117941829000282,6.414859414348193e-18,1.3364991176846624e-19,6.2902293536054844e-18,6.599659621362385e-18,1.8874235384963072,0.4561994677317999,1.639950515347477,2.649442914634006,1.8379814422865727e-17,1.647362508614673e-18,1.7264530846910255e-17,2.100340755368087e-17,5.088283148064189,2.2950849219473093,4.132991122363423,9.18196159533582,1.76070396125749e-18,2.1281411761100313e-19,1.63163492677719e-18,2.123863825230852e-18,0.5379140065948819,0.21189768682277535,0.44784012356786984,0.9282667866830129,4.294368397376091e-18,8.986322573315694e-20,4.244649228302247e-18,4.451317780952227e-18,1.4499158026438281,0.28936929698474756,1.317474528267019,1.978900043714124,3.7521673934078815e-18,8.707184544787932e-20,3.6717465269307914e-18,3.853029454012611e-18,1.3129743996133212,0.16090655422367883,1.2216288715391814,1.5714208574341615
COSMOS_1148tot,7.37829638453268e-19,2.4781023238791314e-19,5.55787003091188e-19,1.0065846507294521e-18,0.04821980845799325,0.07467226382894057,0.033228053255342165,0.09144561616486742,3.385320984976108e-18,2.872391861946006e-20,3.363601651015097e-18,3.4117740530372247e-18,0.5587605547592503,0.014135818353508817,0.5532973094214728,0.5676940473311622,8.370024177199651e-18,4.124970308794049e-19,8.347166807151129e-18,8.429975994484272e-18,1.4714818671235352,0.12423976636474664,1.4601547273693483,1.4936534381492987,6.959200095027892e-19,3.7573091520626425e-20,6.747818892013716e-19,7.205379443161714e-19,0.11535042458774536,0.009358745059609118,0.11164928056075667,0.12016335955550687,2.0593409670308164e-18,3.532424242974321e-20,2.0454985423461462e-18,2.076890575025425e-18,0.34194940557113973,0.012883551474223253,0.33833351627881736,0.3469229028435501,1.8142391086451088e-18,1.0208311859931889e-19,1.7185142700138111e-18,1.896461526699087e-18,0.3050213809186756,0.025636349129239257,0.2859511647359275,0.3253915750589079
COSMOS_1148A,2.3075461514656835e-19,-99.0,-99.0,-99.0,0.0,0.020000090720169537,0.0,0.029295618529855336,7.367795129020873e-19,1.2621360380471802e-20,7.268261812537954e-19,7.505783304669167e-19,0.3812402929273043,0.017942446894238854,0.3702118153745519,0.40251479491193876,1.997896776993658e-18,2.091711645395219e-19,1.7041127695880499e-18,2.2131597163158908e-18,1.1544105890231626,0.18117467140656932,0.933358691600205,1.371618762033236,1.29078003522504e-19,2.4829575913440956e-20,8.813463834775458e-20,1.4404261074803098e-19,0.0718167921183724,0.01551080235431788,0.04764384389664886,0.08341499976905224,3.9952912614725197e-19,1.1466878112216712e-20,3.8271532475900365e-19,4.062734504338717e-19,0.2225794083246366,0.010404799031791674,0.20628019223324365,0.22960914943970037,5.624652461460474e-19,2.4714610350829734e-20,5.409311647832517e-19,5.839800196988405e-19,0.3206460200644322,0.020378317952679987,0.3021445152777551,0.3422529510559825
COSMOS_1148ISM,8.964785409486457e-19,2.70152450571534e-19,6.449743630581242e-19,1.0909087349706984e-18,0.0744624404054906,0.08179868855286651,0.04864951129771755,0.14627930455036448,2.555164411622415e-18,2.301939192495091e-20,2.5296398457089143e-18,2.5749219919617143e-18,0.6123582265512157,0.009572965160972516,0.5998396257016184,0.6194608525779683,6.556413346944669e-18,1.383037256265596e-19,6.523112629903641e-18,6.610460981816423e-18,1.7024972103908247,0.06300457872717864,1.6822581050945398,1.7371913390163292,6.454532765495462e-19,1.9034317345863245e-20,6.235143085270013e-19,6.6346825713878585e-19,0.15823380351430935,0.006097466624877467,0.15170061706952082,0.163022204104216,1.6908502744563195e-18,1.4774094460742894e-20,1.6769277431720058e-18,1.7040120567409296e-18,0.41358048723507,0.007349284186729125,0.40817134655183324,0.41868993333013704,1.392234757983402e-18,8.951134780119781e-20,1.2830357738951868e-18,1.4722222421268553e-18,0.3382884309755624,0.03388026906804456,0.3047209673102799,0.3759583115022851
COSMOS_1025tot,5.712253483401578e-19,3.7606502832861015e-20,5.349452799978588e-19,6.0448273156189415e-19,0.0400977693399749,0.002967202970581386,0.03743530952868576,0.043145681850386315,4.530943242442294e-18,1.412577579784486e-20,4.515268206556004e-18,4.540034854973235e-18,2.87350805593932,0.13101188241653577,2.6340555824934824,2.9192876811753328,1.432093376236606e-17,2.6828538044758747e-19,1.3774294895711379e-17,1.435048585931195e-17,17.393566874400364,2.434439005880196,12.190779061227524,17.828837146740934,1.4782925269152938e-18,3.959228134615784e-20,1.3994123303635201e-18,1.4871553368435425e-18,1.7807857525430464,0.21459167906387447,1.3398455228113832,1.8297840368518372,2.9602548981145577e-18,1.5136000032763705e-20,2.933856363705542e-18,2.964872444531131e-18,3.4197918820814253,0.27049478103002295,2.8858370394543487,3.487687122578856,2.1989553022475754e-18,3.122471101070352e-20,2.1723736098916235e-18,2.2284141143059514e-18,0.9117242084858455,0.03048840207287928,0.888130575776323,0.9342858749213055
COSMOS_1025A,1.300502913183285e-19,1.3522544434823263e-20,1.1740297962961178e-19,1.4151161934412845e-19,0.050654771228507395,0.007356598897742227,0.04587027094599201,0.056390362326093006,1.114636441411931e-18,7.586111989943778e-21,1.1088420340098366e-18,1.1175070835117922e-18,3.1513350785575396,0.2706286965408009,2.998985739174369,3.227810997332426,3.694623391604084e-18,1.0527319521191643e-19,3.668669893056805e-18,3.7175891334516e-18,14.957550827885365,2.1779831010854633,14.0848157867526,15.902281669125067,3.6517217378085075e-19,1.0692891533455038e-20,3.6096669190098954e-19,3.6866768977863305e-19,1.3667939359275914,0.15319260131199186,1.294373071862011,1.4328879297940713,7.343467762069455e-19,3.486385719466478e-21,7.314699709586601e-19,7.368340233433589e-19,2.607352052117612,0.18086809287485503,2.5086128090854727,2.6878455058958477,6.52643839700145e-19,1.17089273159511e-20,6.447796345583161e-19,6.617523916072247e-19,1.1417778262130427,0.09799256264990089,1.1040794934579887,1.193388636002082
COSMOS_1025ISM,4.032342305290186e-19,3.5188086204227946e-20,3.737767948571534e-19,4.316765382827151e-19,0.0335550692377037,0.003167628841082015,0.030798162372671033,0.03632035378864889,3.3778748420637746e-18,7.016781299412939e-21,3.371780514877894e-18,3.384050223448527e-18,2.7846580559479435,0.09428627253601508,2.6265965163509537,2.8192234618082352,1.052159982560014e-17,1.6508378495756372e-19,1.0183031981737383e-17,1.053736598849997e-17,18.242154395799037,2.3027987063488986,13.318204339619314,18.507398703911292,1.0963900374835605e-18,2.5173851710071824e-20,1.0446525769812917e-18,1.0995942863795382e-18,1.939377220478757,0.2117325101078739,1.490408382850376,1.9659377455419111,2.19702617693756e-18,9.08590384865185e-21,2.1804953369113852e-18,2.2000158300106894e-18,3.754565990383254,0.26784231702884037,3.1802040752294016,3.788572257885972,1.4468759530321971e-18,3.609174424895879e-20,1.424042944933088e-18,1.473112178995319e-18,0.7557660499184805,0.05096304052415322,0.7318674891489753,0.7849017442228082
COSMOS_1757tot,6.4756304157933845e-19,9.477711150883485e-20,5.521274034028105e-19,7.631697313597313e-19,0.1189114451081672,0.08693492916964778,0.07906948459686819,0.2374927111558955,3.1000965610915994e-18,4.191270445641471e-20,3.081706632110019e-18,3.1407650689272216e-18,1.1574034242998135,0.1281465137829224,1.1000015304392168,1.3006191870457784,9.93375074716445e-18,9.221516863538874e-19,9.867876592834182e-18,1.172617987952808e-17,3.785123023374041,1.5626707911568578,3.6585368607545212,6.545301070743775,1.1259812967946052e-18,1.1873190245140516e-19,1.0988071514720102e-18,1.3472589091855025e-18,0.6123490119533526,0.2432030810684493,0.5804920624120246,1.0436828842307073,2.229705861758071e-18,3.66241708283257e-20,2.2134094980519843e-18,2.2821355421390155e-18,1.517298487617602,0.3281863575769336,1.4646064310591695,2.0679633797307937,2.157399963010852e-18,1.7260052723160854e-19,1.944414189318074e-18,2.3273952222335017e-18,1.4805176595391023,0.8697967004656773,0.9374677882484095,2.636230466476822
COSMOS_1757A,1.5349040030212465e-19,2.002074627229014e-20,1.296220162117906e-19,1.7067691944131537e-19,0.13529951092691134,0.07787414287149638,0.07731865634508613,0.18493536975510744,7.631912828376736e-19,2.1740264059169354e-20,7.570589611524695e-19,7.80529487623671e-19,1.3213806322148178,0.43991330239426835,1.2406189123195228,1.5804873070648793,2.7629805222861296e-18,2.629871072190137e-19,2.425169602173102e-18,2.9418770237581687e-18,6.239783791526133,2.9264522467143808,4.0145120553700355,7.602653115934204,3.6308038548820783e-19,2.1201833455835113e-20,3.2164975762115007e-19,3.728027966896453e-19,1.17183029845342,0.2706385565639536,0.762377233008051,1.3437367973899688,5.687553314655301e-19,5.984985155421661e-21,5.632537140073873e-19,5.752664488276015e-19,2.0973329998248014,0.295718507091034,1.6304633096926637,2.328400921121096,5.324733425699927e-19,3.383200310110862e-20,4.988940858395175e-19,5.785286696344171e-19,1.3378946168929002,0.5704939579948094,0.9879419360935947,2.2133448334847214
COSMOS_1757ISM,4.926167663365526e-19,7.763043941803477e-20,4.378028482460697e-19,5.682030656704486e-19,0.08708938367638056,0.67776438948058,0.06970045527129985,0.12743170995983513,2.3525082244199793e-18,3.049942617601495e-20,2.3429951024686546e-18,2.3885081177211825e-18,1.0845297966223026,0.10135065832236727,1.0724341618070872,1.150636729912849,7.498979063171497e-18,4.117975663789972e-19,7.473656059642737e-18,7.554000421632569e-18,3.6635897587396196,1.0192608851566605,3.6056023881388386,3.7537421186381073,8.131206694242308e-19,5.0951642323311476e-20,7.93760601681123e-19,8.312210933833855e-19,0.5700874370592107,0.14133915679240067,0.5448853558592645,0.5991140725205205,1.6626641779285437e-18,1.756610010246177e-20,1.6552325204785647e-18,1.677791215376839e-18,1.4722981715185144,0.19218986205034067,1.4363347677692557,1.5164513089419949,1.4173933086066003e-18,5.900676002602464e-20,1.3895458613852152e-18,1.4641476624995376e-18,0.8301015746074987,0.23364457726181592,0.7898335083736125,0.9465606563715414
COSMOS_844tot,9.935869971753464e-19,-99.0,-99.0,-99.0,0.07806825429924386,0.1372004872684521,0.06753832396915802,0.11064277485169972,2.9982670442496164e-18,4.072629601244904e-20,2.9825791482916823e-18,3.0603019094982947e-18,0.9961573507867789,0.07220664255307728,0.9822546494682136,1.0786872674826795,8.550290079902869e-18,4.1700708976278728e-19,8.51545819993275e-18,8.591627123578067e-18,2.9766643615883703,0.5419153464018142,2.9346936651904647,3.018579394301915,0.0,4.068410263233047e-19,0.0,9.614802895598449e-19,0.0,0.15340251945874903,0.0,0.3605435965905463,1.9069731156444885e-18,4.118874461011183e-20,1.8985757171603556e-18,1.9250291787001072e-18,0.7904242043989855,0.07973337207884454,0.7792952622513873,0.8062988782681422,1.5233528451484374e-18,4.7100662362703944e-20,1.4900001024888028e-18,1.562553208903244e-18,0.6481150956296005,0.06805591715552788,0.6268181085178989,0.6842287928632665
COSMOS_844A,1.7440048787036377e-19,-99.0,-99.0,-99.0,0.08639416357962705,0.028651332466677962,0.07082331723331055,0.10477012171681863,8.155259843624475e-19,1.7119252104317143e-20,7.898805949982282e-19,8.315100999184804e-19,1.2385041470003872,0.18225820015806202,0.9787479862528947,1.4037901044947172,2.8922247936668197e-18,2.57113951003438e-19,2.392451770373708e-18,3.016820676374271e-18,5.397423412900997,1.3425398877514134,3.043310931348284,6.237632768628939,0.0,1.6298261751107999e-19,0.0,3.575819825627801e-19,0.0,0.3343421988520355,0.0,0.7380003304943579,5.739571662486117e-19,1.1944885520881273e-20,5.535064156316852e-19,5.811422602784683e-19,1.2458040946560234,0.1518872337549404,0.9420921570702447,1.2926361229091528,5.810598254185956e-19,1.421893506475009e-20,5.608852002657093e-19,5.922417540836996e-19,1.179300647755472,0.11397375917762763,0.9805700983772896,1.2357621709641518
COSMOS_844ISM,8.77068454138245e-19,-99.0,-99.0,-99.0,0.061358030169365946,0.06260670310523399,0.046887430302076066,0.11181629627878602,2.2014106095121006e-18,2.2961862547470594e-20,2.1872216487929033e-18,2.227561506361964e-18,1.0044273234938554,0.04185531969911267,0.9875867615971891,1.0607152259772727,6.184677079332123e-18,2.257424434798252e-19,6.166801438332825e-18,6.2502253837216976e-18,3.035353061276351,0.38885172263521733,3.0013494341608355,3.1345289871667834,0.0,2.9923348370242175e-19,0.0,7.079750034992157e-19,0.0,0.15682590061520726,0.0,0.36628223819820405,1.381465819908299e-18,2.7807879520167875e-20,1.3749107752111824e-18,1.4070725193764366e-18,0.7791904355686814,0.06333884060610412,0.7705186256611474,0.8167115476160058,9.344903808520498e-19,4.6855006102548264e-20,8.966277323165502e-19,9.776432562070634e-19,0.5057918685307347,0.06903802141385251,0.4817953519324639,0.5879780324543721
COSMOS_1295tot,3.96967231131771e-19,2.50593846712646e-19,0.0,5.470100703422071e-19,0.05138745014193885,0.0725783970938324,0.0,0.12079814286910673,1.849858682758599e-18,5.897261249994892e-20,1.8100667530580614e-18,1.945656549280759e-18,0.6141696873287716,0.049258301487142435,0.58675777061382,0.6987284774707384,5.566356300511048e-18,6.526853503402852e-20,5.44589958923632e-18,5.5875903814321354e-18,2.1627373268849874,0.06721335048181314,2.041180066217427,2.1857143101597756,1.056594049121306e-18,4.08335614018443e-20,9.812593231559072e-19,1.0694797495222273e-18,0.40632473887916565,0.025055944640625993,0.3591168251242375,0.4133778051648847,1.1161264396937406e-18,2.142293378602539e-20,1.0792391543964328e-18,1.1227260633976855e-18,0.44560369453377285,0.017887174014178605,0.414016830713923,0.4507456322715077,1.7214493521705826e-18,5.1964091421378304e-20,1.6665653423153882e-18,1.7583652447057043e-18,0.7971380061739837,0.0598395128864013,0.7203148724647053,0.8450682892184145
COSMOS_1295A,2.6116040374292563e-19,-99.0,-99.0,-99.0,0.0,0.06084209427753713,0.0,0.07749427930491903,5.156519056785229e-19,9.468101800422242e-21,5.103728897739474e-19,5.277068161123611e-19,0.6397712976557635,0.03184678768272573,0.6294173364413495,0.6848813924208652,1.5419540936271168e-18,5.198164444593108e-20,1.5307425430148548e-18,1.5495896124085996e-18,2.043397359223271,0.1773209701462336,2.0067395177692324,2.0740477196529934,2.7931876582254445e-19,1.0839928408524741e-20,2.7251304422728217e-19,2.8381808731412343e-19,0.39105815581733405,0.031837051143908376,0.37715141364910654,0.40240032745655907,3.1103312688070923e-19,6.120829002258822e-21,3.086159515467659e-19,3.1537667258537423e-19,0.47258188171691307,0.024621869143430276,0.4638670795312936,0.4833338583309944,5.168002561394304e-19,1.451953976576342e-20,5.045847807991414e-19,5.328725094924512e-19,0.9139184743067135,0.08428642436489796,0.8728453513768017,0.9659219172445762
COSMOS_1295B,1.8763440510292368e-19,-99.0,-99.0,-99.0,0.0,0.03587592977875645,0.0,0.05762343387659447,3.9675928225344135e-19,1.6743053237599877e-20,3.877591082993903e-19,4.233467889204855e-19,0.7295425068050378,0.08518737511371133,0.6899222324223663,0.8613819841106377,1.1357975252615339e-18,5.225058006513381e-20,1.0982690913990635e-18,1.2110596247912994e-18,2.2887173526499223,0.29286713281179555,2.0857574031168213,2.736491403904824,1.6616023630130275e-19,1.7859503878062273e-20,1.421345017952911e-19,1.856145866442907e-19,0.3406259713900464,0.06262845611601531,0.2692383658394491,0.4195532540346296,2.251404545150935e-19,9.601146842249787e-21,2.1326365648961077e-19,2.3528207522962464e-19,0.4849262625496063,0.05176720749499434,0.4289613134369454,0.5547189803126268,2.6188407557746083e-19,2.1421396453963197e-20,2.364105855779797e-19,2.809274344142444e-19,0.48759290854693266,0.09719414871835265,0.3761455214932952,0.6128453681969827
COSMOS_1295ISM,6.509225401315424e-19,-99.0,-99.0,-99.0,0.0,0.03992169154420243,0.0,0.07486983303416375,9.899228209874116e-19,3.385151513626046e-20,9.39132867558834e-19,1.0109228488479288e-18,0.6153836918889946,0.04478523027564946,0.5463550811748135,0.6397513908630391,2.8845518534813985e-18,3.427686001141657e-20,2.8624838830628086e-18,2.9391155843838326e-18,2.08930478925189,0.07335739804615243,2.039494612099337,2.200687343198424,6.174675615456208e-19,1.92441965063043e-20,5.994521880403969e-19,6.43761671926087e-19,0.42328091620999286,0.023864260756903486,0.40375311369071143,0.4576920480246441,5.880330472016216e-19,1.3169055062195051e-20,5.759152684410806e-19,6.071947235425543e-19,0.4110469166519154,0.01829171618099158,0.3944066139017912,0.43751570157665415,8.622973059254342e-19,3.634549133993075e-20,8.318425490795773e-19,9.07489476389029e-19,0.6305381848017069,0.061463583274836316,0.5943466641669043,0.7173451929781735
COSMOS_1346tot,1.5375983408724864e-18,-99.0,-99.0,-99.0,0.04803307091937415,0.07740644412160048,0.03564458513900126,0.06789073665249676,2.079730143759397e-18,1.3990642489248092e-19,1.8911452872150118e-18,2.2227166812500364e-18,0.8463803330864389,0.4340593943573181,0.6645238706525802,1.1823295049971771,7.528474451453607e-18,4.347698920278638e-19,7.426350561999113e-18,7.780274064138111e-18,6.785465087959538,3.225628855834581,6.320911445867106,7.2994969838655175,9.592395253168376e-19,4.00405587324983e-20,9.259999731751945e-19,9.767608981303635e-19,1.7130210743385192,0.5135234515812457,1.5471302080844178,1.8445694966074981,1.6797665181642682e-18,1.3331636733494331e-20,1.6692629223334314e-18,1.6894891916613026e-18,3.6351059569663153,1.048585641383221,3.3574580243193632,3.859575003490879,2.4852936015840553e-18,1.9860803353215471e-19,2.271966264192886e-18,2.709331009266329e-18,2.068258975527563,2.2401750597105003,1.0733454873001873,4.677869601008081
COSMOS_1346A,2.972308461703436e-19,-99.0,-99.0,-99.0,0.036769242461624455,0.05080550810711739,0.0,0.06288653341392714,4.024393681169261e-19,2.135615004618895e-20,3.8962156124831093e-19,4.3084542932398757e-19,0.6718832648033293,0.15586554917485235,0.6136253958226979,0.8036259511860243,1.6160759337753766e-18,1.089584990862993e-19,1.5600152576224385e-18,1.6521513559717084e-18,5.6244509362533215,1.342890951991784,4.721975111601767,6.377362721759697,2.378483695305675e-19,1.3120632772844622e-20,2.217948292294191e-19,2.468009890834219e-19,1.5267615454426857,0.23578906309091863,1.3076758749754411,1.7884579071591467,3.771438763926788e-19,3.239674721834331e-21,3.735027127834926e-19,3.7977921482586557e-19,2.948052159954101,0.2582681796560109,2.7367041683713245,3.263005365159255,5.791363279615889e-19,6.037203937788292e-20,5.142991431221838e-19,6.420798307764958e-19,1.6370666413343988,1.6776466156697216,0.8837365835923562,4.100959004377709
COSMOS_1346ISM,1.3097118864779535e-18,-99.0,-99.0,-99.0,0.053081274366158254,0.0984732074741731,4.091916633851786e-07,0.08145735112062334,1.6349798678800883e-18,1.2112656974479105e-19,1.474905556580955e-18,1.7712742020634533e-18,0.8071299526261637,0.36970712729939986,0.6130656441094742,1.149737873998672,5.892707935632662e-18,3.4788528381944925e-19,5.828481573856161e-18,5.975305240895428e-18,6.362978717381393,2.6122867591459227,5.979338629800906,6.632933805223026,6.856063909066577e-19,3.398168387524199e-20,6.651793124169153e-19,7.021876735960449e-19,1.4128013144678135,0.4572661684191694,1.2588673861672726,1.540630967580434,1.2744680200500236e-18,9.554577943634013e-21,1.263450421565767e-18,1.2801750807781033e-18,3.161341690051759,0.9981051963877497,2.979001447492903,3.4022106091805537,1.8243172543873312e-18,1.6549105640078716e-19,1.6555794545196995e-18,2.0139316521231583e-18,1.3926944793543004,1.462859838070511,0.8227878623485085,2.7884387253254292
